{"model_date": "2023-02-22 00:10:29", "status": "online", "time": "2023-02-22 00:12:23", "version": "1.0.0"}
{"model_date": "2023-02-22 00:10:29", "status": "online", "time": "2023-02-22 00:12:24", "version": "1.0.0"}
{"model_date": "2023-02-22 00:10:29", "status": "online", "time": "2023-02-22 00:12:25", "version": "1.0.0"}
{"model_date": "2023-02-22 00:10:29", "status": "online", "time": "2023-02-22 00:12:26", "version": "1.0.0"}
{"model_date": "2023-02-22 00:10:29", "status": "online", "time": "2023-02-22 00:12:27", "version": "1.0.0"}
{"model_date": "2023-02-22 00:10:29", "status": "online", "time": "2023-02-22 00:12:28", "version": "1.0.0"}
{"model_date": "2023-02-22 00:10:29", "status": "online", "time": "2023-02-22 00:12:29", "version": "1.0.0"}
{"model_date": "2023-02-22 00:10:29", "status": "online", "time": "2023-02-22 00:12:30", "version": "1.0.0"}
{"model_date": "2023-02-22 00:10:29", "status": "online", "time": "2023-02-22 00:12:31", "version": "1.0.0"}
{"model_date": "2023-02-22 00:10:29", "status": "online", "time": "2023-02-22 00:12:32", "version": "1.0.0"}
{"model_date": "2023-02-22 00:10:29", "status": "online", "time": "2023-02-22 00:12:33", "version": "1.0.0"}
{"model_date": "2023-02-22 00:10:29", "status": "online", "time": "2023-02-22 00:12:34", "version": "1.0.0"}
{"model_date": "2023-02-22 00:10:29", "status": "online", "time": "2023-02-22 00:12:35", "version": "1.0.0"}
{"model_date": "2023-02-22 00:10:29", "status": "online", "time": "2023-02-22 00:12:36", "version": "1.0.0"}
{"model_date": "2023-02-22 00:10:29", "status": "online", "time": "2023-02-22 00:12:37", "version": "1.0.0"}
{"model_date": "2023-02-22 00:10:29", "status": "online", "time": "2023-02-22 00:12:38", "version": "1.0.0"}
{"model_date": "2023-02-22 00:10:29", "status": "online", "time": "2023-02-22 00:12:39", "version": "1.0.0"}
{"model_date": "2023-02-22 00:10:29", "status": "online", "time": "2023-02-22 00:12:40", "version": "1.0.0"}
{"model_date": "2023-02-22 00:10:29", "status": "online", "time": "2023-02-22 00:12:41", "version": "1.0.0"}
{"model_date": "2023-02-22 00:10:29", "status": "online", "time": "2023-02-22 00:12:42", "version": "1.0.0"}
{"model_date": "2023-02-22 00:10:29", "status": "online", "time": "2023-02-22 00:12:43", "version": "1.0.0"}
{"model_date": "2023-02-22 00:10:29", "status": "online", "time": "2023-02-22 00:12:44", "version": "1.0.0"}
{"model_date": "2023-02-22 00:10:29", "status": "online", "time": "2023-02-22 00:12:45", "version": "1.0.0"}
{"model_date": "2023-02-22 00:10:29", "status": "online", "time": "2023-02-22 00:12:46", "version": "1.0.0"}
{"model_date": "2023-02-22 00:10:29", "status": "online", "time": "2023-02-22 00:12:47", "version": "1.0.0"}
{"model_date": "2023-02-22 00:10:29", "status": "online", "time": "2023-02-22 00:12:48", "version": "1.0.0"}
{"model_date": "2023-02-22 00:10:29", "status": "online", "time": "2023-02-22 00:12:49", "version": "1.0.0"}
{"model_date": "2023-02-22 00:10:29", "status": "online", "time": "2023-02-22 00:12:50", "version": "1.0.0"}
{"model_date": "2023-02-22 00:10:29", "status": "online", "time": "2023-02-22 00:12:51", "version": "1.0.0"}
{"model_date": "2023-02-22 00:10:29", "status": "online", "time": "2023-02-22 00:12:52", "version": "1.0.0"}
{"model_date": "2023-02-22 00:10:29", "status": "online", "time": "2023-02-22 00:12:53", "version": "1.0.0"}
{"model_date": "2023-02-22 00:10:29", "status": "online", "time": "2023-02-22 00:12:54", "version": "1.0.0"}
{"model_date": "2023-02-22 00:10:29", "status": "online", "time": "2023-02-22 00:12:55", "version": "1.0.0"}
{"status": "offline", "version": "unknown", "model_date": "unknown", "time": "2023-02-21 19:12:56"}
{"status": "offline", "version": "unknown", "model_date": "unknown", "time": "2023-02-21 19:12:57"}
{"status": "offline", "version": "unknown", "model_date": "unknown", "time": "2023-02-21 19:12:58"}
{"status": "offline", "version": "unknown", "model_date": "unknown", "time": "2023-02-21 19:12:59"}
{"status": "offline", "version": "unknown", "model_date": "unknown", "time": "2023-02-21 19:13:00"}
{"status": "offline", "version": "unknown", "model_date": "unknown", "time": "2023-02-21 19:13:01"}
{"model_date": "2023-02-22 00:10:29", "status": "online", "time": "2023-02-22 00:13:02", "version": "1.0.0"}
{"model_date": "2023-02-22 00:10:29", "status": "online", "time": "2023-02-22 00:13:03", "version": "1.0.0"}
{"model_date": "2023-02-22 00:10:29", "status": "online", "time": "2023-02-22 00:13:04", "version": "1.0.0"}
{"model_date": "2023-02-22 00:10:29", "status": "online", "time": "2023-02-22 00:13:05", "version": "1.0.0"}
{"model_date": "2023-02-22 00:10:29", "status": "online", "time": "2023-02-22 00:13:06", "version": "1.0.0"}
{"model_date": "2023-02-22 00:10:29", "status": "online", "time": "2023-02-22 00:13:07", "version": "1.0.0"}
{"model_date": "2023-02-22 00:10:29", "status": "online", "time": "2023-02-22 00:13:08", "version": "1.0.0"}
{"model_date": "2023-02-22 00:10:29", "status": "online", "time": "2023-02-22 00:13:09", "version": "1.0.0"}
{"model_date": "2023-02-22 00:10:29", "status": "online", "time": "2023-02-22 00:13:10", "version": "1.0.0"}
{"model_date": "2023-02-22 00:10:29", "status": "online", "time": "2023-02-22 00:13:11", "version": "1.0.0"}
{"model_date": "2023-02-22 00:10:29", "status": "online", "time": "2023-02-22 00:13:12", "version": "1.0.0"}
{"model_date": "2023-02-22 00:10:29", "status": "online", "time": "2023-02-22 00:13:13", "version": "1.0.0"}
{"model_date": "2023-02-22 00:10:29", "status": "online", "time": "2023-02-22 00:13:14", "version": "1.0.0"}
{"model_date": "2023-02-22 00:10:29", "status": "online", "time": "2023-02-22 00:13:15", "version": "1.0.0"}
{"model_date": "2023-02-22 00:10:29", "status": "online", "time": "2023-02-22 00:13:16", "version": "1.0.0"}
{"model_date": "2023-02-22 00:10:29", "status": "online", "time": "2023-02-22 00:13:17", "version": "1.0.0"}
{"model_date": "2023-02-22 00:10:29", "status": "online", "time": "2023-02-22 00:13:18", "version": "1.0.0"}
{"model_date": "2023-02-22 00:10:29", "status": "online", "time": "2023-02-22 00:13:19", "version": "1.0.0"}
{"model_date": "2023-02-22 00:10:29", "status": "online", "time": "2023-02-22 00:13:20", "version": "1.0.0"}
{"model_date": "2023-02-22 00:10:29", "status": "online", "time": "2023-02-22 00:13:21", "version": "1.0.0"}
{"model_date": "2023-02-22 00:10:29", "status": "online", "time": "2023-02-22 00:13:22", "version": "1.0.0"}
{"model_date": "2023-02-22 00:10:29", "status": "online", "time": "2023-02-22 00:13:23", "version": "1.0.0"}
{"model_date": "2023-02-22 00:10:29", "status": "online", "time": "2023-02-22 00:13:24", "version": "1.0.0"}
{"model_date": "2023-02-22 00:10:29", "status": "online", "time": "2023-02-22 00:13:25", "version": "1.0.0"}
{"model_date": "2023-02-22 00:10:29", "status": "online", "time": "2023-02-22 00:13:26", "version": "1.0.0"}
{"model_date": "2023-02-22 00:10:29", "status": "online", "time": "2023-02-22 00:13:27", "version": "1.0.0"}
{"model_date": "2023-02-22 00:10:29", "status": "online", "time": "2023-02-22 00:13:28", "version": "1.0.0"}
{"model_date": "2023-02-22 00:10:29", "status": "online", "time": "2023-02-22 00:13:29", "version": "1.0.0"}
{"model_date": "2023-02-22 00:10:29", "status": "online", "time": "2023-02-22 00:13:30", "version": "1.0.0"}
{"model_date": "2023-02-22 00:10:29", "status": "online", "time": "2023-02-22 00:13:31", "version": "1.0.0"}
{"model_date": "2023-02-22 00:10:29", "status": "online", "time": "2023-02-22 00:13:32", "version": "1.0.0"}
{"model_date": "2023-02-22 00:10:29", "status": "online", "time": "2023-02-22 00:13:33", "version": "1.0.0"}
{"model_date": "2023-02-22 00:10:29", "status": "online", "time": "2023-02-22 00:13:34", "version": "1.0.0"}
{"model_date": "2023-02-22 00:10:29", "status": "online", "time": "2023-02-22 00:13:35", "version": "1.0.0"}
{"model_date": "2023-02-22 00:10:29", "status": "online", "time": "2023-02-22 00:13:36", "version": "1.0.0"}
{"model_date": "2023-02-22 00:10:29", "status": "online", "time": "2023-02-22 00:13:37", "version": "1.0.0"}
{"model_date": "2023-02-22 00:10:29", "status": "online", "time": "2023-02-22 00:13:38", "version": "1.0.0"}
{"model_date": "2023-02-22 00:10:29", "status": "online", "time": "2023-02-22 00:13:39", "version": "1.0.0"}
{"model_date": "2023-02-22 00:10:29", "status": "online", "time": "2023-02-22 00:13:40", "version": "1.0.0"}
{"model_date": "2023-02-22 00:10:29", "status": "online", "time": "2023-02-22 00:13:41", "version": "1.0.0"}
{"model_date": "2023-02-22 00:10:29", "status": "online", "time": "2023-02-22 00:13:42", "version": "1.0.0"}
{"model_date": "2023-02-22 00:10:29", "status": "online", "time": "2023-02-22 00:13:43", "version": "1.0.0"}
{"model_date": "2023-02-22 00:10:29", "status": "online", "time": "2023-02-22 00:13:44", "version": "1.0.0"}
{"model_date": "2023-02-22 00:10:29", "status": "online", "time": "2023-02-22 00:13:45", "version": "1.0.0"}
{"model_date": "2023-02-22 00:10:29", "status": "online", "time": "2023-02-22 00:13:46", "version": "1.0.0"}
{"model_date": "2023-02-22 00:10:29", "status": "online", "time": "2023-02-22 00:13:47", "version": "1.0.0"}
{"model_date": "2023-02-22 00:10:29", "status": "online", "time": "2023-02-22 00:13:48", "version": "1.0.0"}
{"model_date": "2023-02-22 00:10:29", "status": "online", "time": "2023-02-22 00:13:49", "version": "1.0.0"}
{"model_date": "2023-02-22 00:10:29", "status": "online", "time": "2023-02-22 00:13:50", "version": "1.0.0"}
{"model_date": "2023-02-22 00:10:29", "status": "online", "time": "2023-02-22 00:13:51", "version": "1.0.0"}
{"model_date": "2023-02-22 00:10:29", "status": "online", "time": "2023-02-22 00:13:52", "version": "1.0.0"}
{"model_date": "2023-02-22 00:10:29", "status": "online", "time": "2023-02-22 00:13:53", "version": "1.0.0"}
{"model_date": "2023-02-22 00:10:29", "status": "online", "time": "2023-02-22 00:13:54", "version": "1.0.0"}
{"model_date": "2023-02-22 00:10:29", "status": "online", "time": "2023-02-22 00:13:55", "version": "1.0.0"}
{"model_date": "2023-02-22 00:10:29", "status": "online", "time": "2023-02-22 00:13:56", "version": "1.0.0"}
{"model_date": "2023-02-22 00:10:29", "status": "online", "time": "2023-02-22 00:13:58", "version": "1.0.0"}
{"model_date": "2023-02-22 00:10:29", "status": "online", "time": "2023-02-22 00:13:59", "version": "1.0.0"}
{"model_date": "2023-02-22 00:10:29", "status": "online", "time": "2023-02-22 00:14:00", "version": "1.0.0"}
{"model_date": "2023-02-22 00:10:29", "status": "online", "time": "2023-02-22 00:14:01", "version": "1.0.0"}
{"model_date": "2023-02-22 00:10:29", "status": "online", "time": "2023-02-22 00:14:02", "version": "1.0.0"}
{"model_date": "2023-02-22 00:10:29", "status": "online", "time": "2023-02-22 00:14:03", "version": "1.0.0"}
{"model_date": "2023-02-22 00:10:29", "status": "online", "time": "2023-02-22 00:14:04", "version": "1.0.0"}
{"model_date": "2023-02-22 00:10:29", "status": "online", "time": "2023-02-22 00:14:05", "version": "1.0.0"}
{"model_date": "2023-02-22 00:10:29", "status": "online", "time": "2023-02-22 00:14:06", "version": "1.0.0"}
{"model_date": "2023-02-22 00:10:29", "status": "online", "time": "2023-02-22 00:14:07", "version": "1.0.0"}
{"model_date": "2023-02-22 00:10:29", "status": "online", "time": "2023-02-22 00:14:08", "version": "1.0.0"}
{"model_date": "2023-02-22 00:10:29", "status": "online", "time": "2023-02-22 00:14:09", "version": "1.0.0"}
{"model_date": "2023-02-22 00:10:29", "status": "online", "time": "2023-02-22 00:14:10", "version": "1.0.0"}
{"model_date": "2023-02-22 00:10:29", "status": "online", "time": "2023-02-22 00:14:11", "version": "1.0.0"}
{"model_date": "2023-02-22 00:10:29", "status": "online", "time": "2023-02-22 00:14:12", "version": "1.0.0"}
{"model_date": "2023-02-22 00:10:29", "status": "online", "time": "2023-02-22 00:14:13", "version": "1.0.0"}
{"model_date": "2023-02-22 00:10:29", "status": "online", "time": "2023-02-22 00:14:14", "version": "1.0.0"}
{"model_date": "2023-02-22 00:10:29", "status": "online", "time": "2023-02-22 00:14:15", "version": "1.0.0"}
{"model_date": "2023-02-22 00:10:29", "status": "online", "time": "2023-02-22 00:14:16", "version": "1.0.0"}
{"model_date": "2023-02-22 00:10:29", "status": "online", "time": "2023-02-22 00:14:17", "version": "1.0.0"}
{"model_date": "2023-02-22 00:10:29", "status": "online", "time": "2023-02-22 00:14:18", "version": "1.0.0"}
{"model_date": "2023-02-22 00:10:29", "status": "online", "time": "2023-02-22 00:14:19", "version": "1.0.0"}
{"model_date": "2023-02-22 00:10:29", "status": "online", "time": "2023-02-22 00:14:20", "version": "1.0.0"}
{"model_date": "2023-02-22 00:10:29", "status": "online", "time": "2023-02-22 00:14:21", "version": "1.0.0"}
{"model_date": "2023-02-22 00:10:29", "status": "online", "time": "2023-02-22 00:14:22", "version": "1.0.0"}
{"model_date": "2023-02-22 00:10:29", "status": "online", "time": "2023-02-22 00:14:23", "version": "1.0.0"}
