{"model_date": "2023-02-22 00:13:07", "status": "online!", "time": "2023-02-22 00:26:27", "version": "1.0.0"}
{"model_date": "2023-02-22 00:13:07", "status": "online!", "time": "2023-02-22 00:26:28", "version": "1.0.0"}
{"model_date": "2023-02-22 00:13:07", "status": "online!", "time": "2023-02-22 00:26:29", "version": "1.0.0"}
{"model_date": "2023-02-22 00:13:07", "status": "online!", "time": "2023-02-22 00:26:30", "version": "1.0.0"}
{"model_date": "2023-02-22 00:13:07", "status": "online!", "time": "2023-02-22 00:26:31", "version": "1.0.0"}
{"model_date": "2023-02-22 00:22:43", "status": "online!", "time": "2023-02-22 00:26:32", "version": "1.0.0"}
{"model_date": "2023-02-22 00:13:07", "status": "online!", "time": "2023-02-22 00:26:33", "version": "1.0.0"}
{"model_date": "2023-02-22 00:13:07", "status": "online!", "time": "2023-02-22 00:26:34", "version": "1.0.0"}
{"model_date": "2023-02-22 00:13:07", "status": "online!", "time": "2023-02-22 00:26:36", "version": "1.0.0"}
{"model_date": "2023-02-22 00:13:07", "status": "online!", "time": "2023-02-22 00:26:37", "version": "1.0.0"}
{"model_date": "2023-02-22 00:22:43", "status": "online!", "time": "2023-02-22 00:26:38", "version": "1.0.0"}
{"model_date": "2023-02-22 00:22:43", "status": "online!", "time": "2023-02-22 00:26:39", "version": "1.0.0"}
{"model_date": "2023-02-22 00:13:07", "status": "online!", "time": "2023-02-22 00:26:40", "version": "1.0.0"}
{"model_date": "2023-02-22 00:13:07", "status": "online!", "time": "2023-02-22 00:26:41", "version": "1.0.0"}
{"model_date": "2023-02-22 00:13:07", "status": "online!", "time": "2023-02-22 00:26:42", "version": "1.0.0"}
{"model_date": "2023-02-22 00:22:43", "status": "online!", "time": "2023-02-22 00:26:43", "version": "1.0.0"}
{"model_date": "2023-02-22 00:13:07", "status": "online!", "time": "2023-02-22 00:26:44", "version": "1.0.0"}
{"model_date": "2023-02-22 00:13:07", "status": "online!", "time": "2023-02-22 00:26:45", "version": "1.0.0"}
{"model_date": "2023-02-22 00:22:43", "status": "online!", "time": "2023-02-22 00:26:46", "version": "1.0.0"}
{"model_date": "2023-02-22 00:13:07", "status": "online!", "time": "2023-02-22 00:26:47", "version": "1.0.0"}
{"model_date": "2023-02-22 00:13:07", "status": "online!", "time": "2023-02-22 00:26:48", "version": "1.0.0"}
{"model_date": "2023-02-22 00:22:43", "status": "online!", "time": "2023-02-22 00:26:49", "version": "1.0.0"}
{"model_date": "2023-02-22 00:13:07", "status": "online!", "time": "2023-02-22 00:26:50", "version": "1.0.0"}
{"model_date": "2023-02-22 00:13:07", "status": "online!", "time": "2023-02-22 00:26:51", "version": "1.0.0"}
{"model_date": "2023-02-22 00:22:43", "status": "online!", "time": "2023-02-22 00:26:52", "version": "1.0.0"}
{"model_date": "2023-02-22 00:13:07", "status": "online!", "time": "2023-02-22 00:26:53", "version": "1.0.0"}
{"model_date": "2023-02-22 00:13:07", "status": "online!", "time": "2023-02-22 00:26:54", "version": "1.0.0"}
{"model_date": "2023-02-22 00:13:07", "status": "online!", "time": "2023-02-22 00:26:55", "version": "1.0.0"}
{"model_date": "2023-02-22 00:22:43", "status": "online!", "time": "2023-02-22 00:26:56", "version": "1.0.0"}
{"model_date": "2023-02-22 00:22:43", "status": "online!", "time": "2023-02-22 00:26:57", "version": "1.0.0"}
{"model_date": "2023-02-22 00:22:43", "status": "online!", "time": "2023-02-22 00:26:58", "version": "1.0.0"}
{"model_date": "2023-02-22 00:22:43", "status": "online!", "time": "2023-02-22 00:26:59", "version": "1.0.0"}
{"model_date": "2023-02-22 00:13:07", "status": "online!", "time": "2023-02-22 00:27:00", "version": "1.0.0"}
{"status": "offline", "version": "unknown", "model_date": "unknown", "time": "2023-02-21 19:27:01"}
{"status": "offline", "version": "unknown", "model_date": "unknown", "time": "2023-02-21 19:27:03"}
{"status": "offline", "version": "unknown", "model_date": "unknown", "time": "2023-02-21 19:27:05"}
{"status": "offline", "version": "unknown", "model_date": "unknown", "time": "2023-02-21 19:27:06"}
{"status": "offline", "version": "unknown", "model_date": "unknown", "time": "2023-02-21 19:27:07"}
{"status": "offline", "version": "unknown", "model_date": "unknown", "time": "2023-02-21 19:27:08"}
{"status": "offline", "version": "unknown", "model_date": "unknown", "time": "2023-02-21 19:27:09"}
{"status": "offline", "version": "unknown", "model_date": "unknown", "time": "2023-02-21 19:27:10"}
{"status": "offline", "version": "unknown", "model_date": "unknown", "time": "2023-02-21 19:27:11"}
{"status": "offline", "version": "unknown", "model_date": "unknown", "time": "2023-02-21 19:27:12"}
{"status": "offline", "version": "unknown", "model_date": "unknown", "time": "2023-02-21 19:27:14"}
{"status": "offline", "version": "unknown", "model_date": "unknown", "time": "2023-02-21 19:27:16"}
{"model_date": "2023-02-22 00:27:11", "status": "online!", "time": "2023-02-22 00:27:17", "version": "2.0.0"}
{"model_date": "2023-02-22 00:27:11", "status": "online!", "time": "2023-02-22 00:27:18", "version": "2.0.0"}
{"model_date": "2023-02-22 00:27:11", "status": "online!", "time": "2023-02-22 00:27:19", "version": "2.0.0"}
{"model_date": "2023-02-22 00:27:11", "status": "online!", "time": "2023-02-22 00:27:20", "version": "2.0.0"}
{"model_date": "2023-02-22 00:27:11", "status": "online!", "time": "2023-02-22 00:27:21", "version": "2.0.0"}
{"model_date": "2023-02-22 00:27:11", "status": "online!", "time": "2023-02-22 00:27:22", "version": "2.0.0"}
{"model_date": "2023-02-22 00:27:11", "status": "online!", "time": "2023-02-22 00:27:23", "version": "2.0.0"}
{"model_date": "2023-02-22 00:27:11", "status": "online!", "time": "2023-02-22 00:27:24", "version": "2.0.0"}
{"model_date": "2023-02-22 00:27:11", "status": "online!", "time": "2023-02-22 00:27:25", "version": "2.0.0"}
{"model_date": "2023-02-22 00:27:11", "status": "online!", "time": "2023-02-22 00:27:26", "version": "2.0.0"}
{"model_date": "2023-02-22 00:27:11", "status": "online!", "time": "2023-02-22 00:27:27", "version": "2.0.0"}
{"model_date": "2023-02-22 00:27:11", "status": "online!", "time": "2023-02-22 00:27:28", "version": "2.0.0"}
{"model_date": "2023-02-22 00:27:11", "status": "online!", "time": "2023-02-22 00:27:29", "version": "2.0.0"}
{"model_date": "2023-02-22 00:27:11", "status": "online!", "time": "2023-02-22 00:27:30", "version": "2.0.0"}
{"model_date": "2023-02-22 00:27:11", "status": "online!", "time": "2023-02-22 00:27:31", "version": "2.0.0"}
{"model_date": "2023-02-22 00:27:11", "status": "online!", "time": "2023-02-22 00:27:32", "version": "2.0.0"}
{"model_date": "2023-02-22 00:27:11", "status": "online!", "time": "2023-02-22 00:27:33", "version": "2.0.0"}
{"model_date": "2023-02-22 00:27:11", "status": "online!", "time": "2023-02-22 00:27:34", "version": "2.0.0"}
{"model_date": "2023-02-22 00:27:11", "status": "online!", "time": "2023-02-22 00:27:35", "version": "2.0.0"}
{"model_date": "2023-02-22 00:27:11", "status": "online!", "time": "2023-02-22 00:27:36", "version": "2.0.0"}
{"model_date": "2023-02-22 00:27:11", "status": "online!", "time": "2023-02-22 00:27:37", "version": "2.0.0"}
{"model_date": "2023-02-22 00:27:11", "status": "online!", "time": "2023-02-22 00:27:38", "version": "2.0.0"}
{"model_date": "2023-02-22 00:27:11", "status": "online!", "time": "2023-02-22 00:27:39", "version": "2.0.0"}
{"model_date": "2023-02-22 00:27:11", "status": "online!", "time": "2023-02-22 00:27:40", "version": "2.0.0"}
{"model_date": "2023-02-22 00:27:11", "status": "online!", "time": "2023-02-22 00:27:41", "version": "2.0.0"}
{"model_date": "2023-02-22 00:27:11", "status": "online!", "time": "2023-02-22 00:27:42", "version": "2.0.0"}
{"model_date": "2023-02-22 00:27:11", "status": "online!", "time": "2023-02-22 00:27:43", "version": "2.0.0"}
{"model_date": "2023-02-22 00:27:11", "status": "online!", "time": "2023-02-22 00:27:44", "version": "2.0.0"}
{"model_date": "2023-02-22 00:27:11", "status": "online!", "time": "2023-02-22 00:27:45", "version": "2.0.0"}
{"model_date": "2023-02-22 00:27:11", "status": "online!", "time": "2023-02-22 00:27:46", "version": "2.0.0"}
{"model_date": "2023-02-22 00:27:11", "status": "online!", "time": "2023-02-22 00:27:47", "version": "2.0.0"}
{"model_date": "2023-02-22 00:27:11", "status": "online!", "time": "2023-02-22 00:27:48", "version": "2.0.0"}
{"model_date": "2023-02-22 00:27:11", "status": "online!", "time": "2023-02-22 00:27:49", "version": "2.0.0"}
{"model_date": "2023-02-22 00:27:11", "status": "online!", "time": "2023-02-22 00:27:50", "version": "2.0.0"}
{"model_date": "2023-02-22 00:27:11", "status": "online!", "time": "2023-02-22 00:27:51", "version": "2.0.0"}
{"model_date": "2023-02-22 00:27:11", "status": "online!", "time": "2023-02-22 00:27:52", "version": "2.0.0"}
{"model_date": "2023-02-22 00:27:11", "status": "online!", "time": "2023-02-22 00:27:53", "version": "2.0.0"}
{"model_date": "2023-02-22 00:27:11", "status": "online!", "time": "2023-02-22 00:27:54", "version": "2.0.0"}
{"model_date": "2023-02-22 00:27:11", "status": "online!", "time": "2023-02-22 00:27:55", "version": "2.0.0"}
{"model_date": "2023-02-22 00:27:11", "status": "online!", "time": "2023-02-22 00:27:56", "version": "2.0.0"}
{"model_date": "2023-02-22 00:27:11", "status": "online!", "time": "2023-02-22 00:27:57", "version": "2.0.0"}
{"model_date": "2023-02-22 00:27:11", "status": "online!", "time": "2023-02-22 00:27:58", "version": "2.0.0"}
{"model_date": "2023-02-22 00:27:11", "status": "online!", "time": "2023-02-22 00:27:59", "version": "2.0.0"}
{"model_date": "2023-02-22 00:27:11", "status": "online!", "time": "2023-02-22 00:28:00", "version": "2.0.0"}
{"model_date": "2023-02-22 00:27:11", "status": "online!", "time": "2023-02-22 00:28:01", "version": "2.0.0"}
{"model_date": "2023-02-22 00:27:11", "status": "online!", "time": "2023-02-22 00:28:02", "version": "2.0.0"}
{"model_date": "2023-02-22 00:27:11", "status": "online!", "time": "2023-02-22 00:28:03", "version": "2.0.0"}
{"model_date": "2023-02-22 00:27:11", "status": "online!", "time": "2023-02-22 00:28:04", "version": "2.0.0"}
{"model_date": "2023-02-22 00:27:11", "status": "online!", "time": "2023-02-22 00:28:05", "version": "2.0.0"}
{"model_date": "2023-02-22 00:27:11", "status": "online!", "time": "2023-02-22 00:28:06", "version": "2.0.0"}
{"model_date": "2023-02-22 00:27:11", "status": "online!", "time": "2023-02-22 00:28:07", "version": "2.0.0"}
{"model_date": "2023-02-22 00:27:11", "status": "online!", "time": "2023-02-22 00:28:08", "version": "2.0.0"}
{"model_date": "2023-02-22 00:27:11", "status": "online!", "time": "2023-02-22 00:28:09", "version": "2.0.0"}
{"model_date": "2023-02-22 00:27:11", "status": "online!", "time": "2023-02-22 00:28:10", "version": "2.0.0"}
{"model_date": "2023-02-22 00:27:11", "status": "online!", "time": "2023-02-22 00:28:11", "version": "2.0.0"}
{"model_date": "2023-02-22 00:27:11", "status": "online!", "time": "2023-02-22 00:28:12", "version": "2.0.0"}
{"model_date": "2023-02-22 00:27:11", "status": "online!", "time": "2023-02-22 00:28:13", "version": "2.0.0"}
{"model_date": "2023-02-22 00:27:11", "status": "online!", "time": "2023-02-22 00:28:14", "version": "2.0.0"}
{"model_date": "2023-02-22 00:27:11", "status": "online!", "time": "2023-02-22 00:28:15", "version": "2.0.0"}
{"model_date": "2023-02-22 00:27:11", "status": "online!", "time": "2023-02-22 00:28:16", "version": "2.0.0"}
{"model_date": "2023-02-22 00:27:11", "status": "online!", "time": "2023-02-22 00:28:17", "version": "2.0.0"}
{"model_date": "2023-02-22 00:27:11", "status": "online!", "time": "2023-02-22 00:28:18", "version": "2.0.0"}
{"model_date": "2023-02-22 00:27:11", "status": "online!", "time": "2023-02-22 00:28:19", "version": "2.0.0"}
{"model_date": "2023-02-22 00:27:11", "status": "online!", "time": "2023-02-22 00:28:20", "version": "2.0.0"}
{"model_date": "2023-02-22 00:27:11", "status": "online!", "time": "2023-02-22 00:28:21", "version": "2.0.0"}
{"model_date": "2023-02-22 00:27:11", "status": "online!", "time": "2023-02-22 00:28:22", "version": "2.0.0"}
{"model_date": "2023-02-22 00:27:11", "status": "online!", "time": "2023-02-22 00:28:23", "version": "2.0.0"}
{"model_date": "2023-02-22 00:27:11", "status": "online!", "time": "2023-02-22 00:28:24", "version": "2.0.0"}
{"model_date": "2023-02-22 00:27:11", "status": "online!", "time": "2023-02-22 00:28:25", "version": "2.0.0"}
{"model_date": "2023-02-22 00:27:11", "status": "online!", "time": "2023-02-22 00:28:26", "version": "2.0.0"}
{"model_date": "2023-02-22 00:27:11", "status": "online!", "time": "2023-02-22 00:28:27", "version": "2.0.0"}
