{"model_date": "2023-02-22 00:10:29", "status": "online", "time": "2023-02-22 00:22:00", "version": "1.0.0"}
{"model_date": "2023-02-22 00:10:29", "status": "online", "time": "2023-02-22 00:22:01", "version": "1.0.0"}
{"model_date": "2023-02-22 00:10:29", "status": "online", "time": "2023-02-22 00:22:02", "version": "1.0.0"}
{"model_date": "2023-02-22 00:10:29", "status": "online", "time": "2023-02-22 00:22:03", "version": "1.0.0"}
{"model_date": "2023-02-22 00:10:29", "status": "online", "time": "2023-02-22 00:22:04", "version": "1.0.0"}
{"model_date": "2023-02-22 00:10:29", "status": "online", "time": "2023-02-22 00:22:05", "version": "1.0.0"}
{"model_date": "2023-02-22 00:10:29", "status": "online", "time": "2023-02-22 00:22:06", "version": "1.0.0"}
{"model_date": "2023-02-22 00:10:29", "status": "online", "time": "2023-02-22 00:22:07", "version": "1.0.0"}
{"model_date": "2023-02-22 00:10:29", "status": "online", "time": "2023-02-22 00:22:08", "version": "1.0.0"}
{"model_date": "2023-02-22 00:10:29", "status": "online", "time": "2023-02-22 00:22:09", "version": "1.0.0"}
{"model_date": "2023-02-22 00:10:29", "status": "online", "time": "2023-02-22 00:22:10", "version": "1.0.0"}
{"model_date": "2023-02-22 00:10:29", "status": "online", "time": "2023-02-22 00:22:11", "version": "1.0.0"}
{"model_date": "2023-02-22 00:10:29", "status": "online", "time": "2023-02-22 00:22:12", "version": "1.0.0"}
{"model_date": "2023-02-22 00:10:29", "status": "online", "time": "2023-02-22 00:22:13", "version": "1.0.0"}
{"model_date": "2023-02-22 00:10:29", "status": "online", "time": "2023-02-22 00:22:14", "version": "1.0.0"}
{"model_date": "2023-02-22 00:10:29", "status": "online", "time": "2023-02-22 00:22:15", "version": "1.0.0"}
{"model_date": "2023-02-22 00:10:29", "status": "online", "time": "2023-02-22 00:22:16", "version": "1.0.0"}
{"model_date": "2023-02-22 00:10:29", "status": "online", "time": "2023-02-22 00:22:17", "version": "1.0.0"}
{"model_date": "2023-02-22 00:10:29", "status": "online", "time": "2023-02-22 00:22:18", "version": "1.0.0"}
{"model_date": "2023-02-22 00:10:29", "status": "online", "time": "2023-02-22 00:22:19", "version": "1.0.0"}
{"model_date": "2023-02-22 00:10:29", "status": "online", "time": "2023-02-22 00:22:20", "version": "1.0.0"}
{"model_date": "2023-02-22 00:10:29", "status": "online", "time": "2023-02-22 00:22:21", "version": "1.0.0"}
{"model_date": "2023-02-22 00:10:29", "status": "online", "time": "2023-02-22 00:22:22", "version": "1.0.0"}
{"model_date": "2023-02-22 00:10:29", "status": "online", "time": "2023-02-22 00:22:23", "version": "1.0.0"}
{"model_date": "2023-02-22 00:10:29", "status": "online", "time": "2023-02-22 00:22:24", "version": "1.0.0"}
{"model_date": "2023-02-22 00:10:29", "status": "online", "time": "2023-02-22 00:22:25", "version": "1.0.0"}
{"model_date": "2023-02-22 00:10:29", "status": "online", "time": "2023-02-22 00:22:26", "version": "1.0.0"}
{"model_date": "2023-02-22 00:10:29", "status": "online", "time": "2023-02-22 00:22:27", "version": "1.0.0"}
{"model_date": "2023-02-22 00:10:29", "status": "online", "time": "2023-02-22 00:22:28", "version": "1.0.0"}
{"model_date": "2023-02-22 00:10:29", "status": "online", "time": "2023-02-22 00:22:29", "version": "1.0.0"}
{"model_date": "2023-02-22 00:10:29", "status": "online", "time": "2023-02-22 00:22:30", "version": "1.0.0"}
{"model_date": "2023-02-22 00:10:29", "status": "online", "time": "2023-02-22 00:22:31", "version": "1.0.0"}
{"model_date": "2023-02-22 00:10:29", "status": "online", "time": "2023-02-22 00:22:32", "version": "1.0.0"}
{"status": "offline", "version": "unknown", "model_date": "unknown", "time": "2023-02-21 19:22:33"}
{"status": "offline", "version": "unknown", "model_date": "unknown", "time": "2023-02-21 19:22:35"}
{"status": "offline", "version": "unknown", "model_date": "unknown", "time": "2023-02-21 19:22:36"}
{"status": "offline", "version": "unknown", "model_date": "unknown", "time": "2023-02-21 19:22:37"}
{"status": "offline", "version": "unknown", "model_date": "unknown", "time": "2023-02-21 19:22:38"}
{"status": "offline", "version": "unknown", "model_date": "unknown", "time": "2023-02-21 19:22:39"}
{"status": "offline", "version": "unknown", "model_date": "unknown", "time": "2023-02-21 19:22:40"}
{"status": "offline", "version": "unknown", "model_date": "unknown", "time": "2023-02-21 19:22:41"}
{"status": "offline", "version": "unknown", "model_date": "unknown", "time": "2023-02-21 19:22:42"}
{"status": "offline", "version": "unknown", "model_date": "unknown", "time": "2023-02-21 19:22:43"}
{"status": "offline", "version": "unknown", "model_date": "unknown", "time": "2023-02-21 19:22:44"}
{"status": "offline", "version": "unknown", "model_date": "unknown", "time": "2023-02-21 19:22:45"}
{"model_date": "2023-02-22 00:13:07", "status": "online!", "time": "2023-02-22 00:22:46", "version": "1.0.0"}
{"status": "offline", "version": "unknown", "model_date": "unknown", "time": "2023-02-21 19:22:48"}
{"model_date": "2023-02-22 00:13:07", "status": "online!", "time": "2023-02-22 00:22:49", "version": "1.0.0"}
{"model_date": "2023-02-22 00:13:07", "status": "online!", "time": "2023-02-22 00:22:50", "version": "1.0.0"}
{"model_date": "2023-02-22 00:22:43", "status": "online!", "time": "2023-02-22 00:22:51", "version": "1.0.0"}
{"model_date": "2023-02-22 00:13:07", "status": "online!", "time": "2023-02-22 00:22:52", "version": "1.0.0"}
{"model_date": "2023-02-22 00:22:43", "status": "online!", "time": "2023-02-22 00:22:53", "version": "1.0.0"}
{"model_date": "2023-02-22 00:13:07", "status": "online!", "time": "2023-02-22 00:22:54", "version": "1.0.0"}
{"model_date": "2023-02-22 00:13:07", "status": "online!", "time": "2023-02-22 00:22:55", "version": "1.0.0"}
{"model_date": "2023-02-22 00:13:07", "status": "online!", "time": "2023-02-22 00:22:56", "version": "1.0.0"}
{"model_date": "2023-02-22 00:13:07", "status": "online!", "time": "2023-02-22 00:22:57", "version": "1.0.0"}
{"model_date": "2023-02-22 00:13:07", "status": "online!", "time": "2023-02-22 00:22:58", "version": "1.0.0"}
{"model_date": "2023-02-22 00:13:07", "status": "online!", "time": "2023-02-22 00:22:59", "version": "1.0.0"}
{"model_date": "2023-02-22 00:13:07", "status": "online!", "time": "2023-02-22 00:23:00", "version": "1.0.0"}
{"model_date": "2023-02-22 00:22:43", "status": "online!", "time": "2023-02-22 00:23:01", "version": "1.0.0"}
{"model_date": "2023-02-22 00:13:07", "status": "online!", "time": "2023-02-22 00:23:02", "version": "1.0.0"}
{"model_date": "2023-02-22 00:13:07", "status": "online!", "time": "2023-02-22 00:23:03", "version": "1.0.0"}
{"model_date": "2023-02-22 00:13:07", "status": "online!", "time": "2023-02-22 00:23:04", "version": "1.0.0"}
{"model_date": "2023-02-22 00:13:07", "status": "online!", "time": "2023-02-22 00:23:05", "version": "1.0.0"}
{"model_date": "2023-02-22 00:22:43", "status": "online!", "time": "2023-02-22 00:23:06", "version": "1.0.0"}
{"model_date": "2023-02-22 00:13:07", "status": "online!", "time": "2023-02-22 00:23:07", "version": "1.0.0"}
{"model_date": "2023-02-22 00:13:07", "status": "online!", "time": "2023-02-22 00:23:08", "version": "1.0.0"}
{"model_date": "2023-02-22 00:13:07", "status": "online!", "time": "2023-02-22 00:23:09", "version": "1.0.0"}
{"model_date": "2023-02-22 00:13:07", "status": "online!", "time": "2023-02-22 00:23:10", "version": "1.0.0"}
{"model_date": "2023-02-22 00:13:07", "status": "online!", "time": "2023-02-22 00:23:11", "version": "1.0.0"}
{"model_date": "2023-02-22 00:22:43", "status": "online!", "time": "2023-02-22 00:23:12", "version": "1.0.0"}
{"model_date": "2023-02-22 00:22:43", "status": "online!", "time": "2023-02-22 00:23:13", "version": "1.0.0"}
{"model_date": "2023-02-22 00:13:07", "status": "online!", "time": "2023-02-22 00:23:14", "version": "1.0.0"}
{"model_date": "2023-02-22 00:13:07", "status": "online!", "time": "2023-02-22 00:23:15", "version": "1.0.0"}
{"model_date": "2023-02-22 00:13:07", "status": "online!", "time": "2023-02-22 00:23:16", "version": "1.0.0"}
{"model_date": "2023-02-22 00:13:07", "status": "online!", "time": "2023-02-22 00:23:17", "version": "1.0.0"}
{"model_date": "2023-02-22 00:13:07", "status": "online!", "time": "2023-02-22 00:23:18", "version": "1.0.0"}
{"model_date": "2023-02-22 00:13:07", "status": "online!", "time": "2023-02-22 00:23:19", "version": "1.0.0"}
{"model_date": "2023-02-22 00:13:07", "status": "online!", "time": "2023-02-22 00:23:20", "version": "1.0.0"}
{"model_date": "2023-02-22 00:13:07", "status": "online!", "time": "2023-02-22 00:23:21", "version": "1.0.0"}
{"model_date": "2023-02-22 00:22:43", "status": "online!", "time": "2023-02-22 00:23:22", "version": "1.0.0"}
{"model_date": "2023-02-22 00:22:43", "status": "online!", "time": "2023-02-22 00:23:23", "version": "1.0.0"}
{"model_date": "2023-02-22 00:22:43", "status": "online!", "time": "2023-02-22 00:23:24", "version": "1.0.0"}
{"model_date": "2023-02-22 00:13:07", "status": "online!", "time": "2023-02-22 00:23:25", "version": "1.0.0"}
{"model_date": "2023-02-22 00:22:43", "status": "online!", "time": "2023-02-22 00:23:26", "version": "1.0.0"}
{"model_date": "2023-02-22 00:13:07", "status": "online!", "time": "2023-02-22 00:23:27", "version": "1.0.0"}
{"model_date": "2023-02-22 00:13:07", "status": "online!", "time": "2023-02-22 00:23:28", "version": "1.0.0"}
{"model_date": "2023-02-22 00:22:43", "status": "online!", "time": "2023-02-22 00:23:29", "version": "1.0.0"}
{"model_date": "2023-02-22 00:22:43", "status": "online!", "time": "2023-02-22 00:23:30", "version": "1.0.0"}
{"model_date": "2023-02-22 00:13:07", "status": "online!", "time": "2023-02-22 00:23:31", "version": "1.0.0"}
{"model_date": "2023-02-22 00:13:07", "status": "online!", "time": "2023-02-22 00:23:32", "version": "1.0.0"}
{"model_date": "2023-02-22 00:13:07", "status": "online!", "time": "2023-02-22 00:23:33", "version": "1.0.0"}
{"model_date": "2023-02-22 00:13:07", "status": "online!", "time": "2023-02-22 00:23:34", "version": "1.0.0"}
{"model_date": "2023-02-22 00:13:07", "status": "online!", "time": "2023-02-22 00:23:35", "version": "1.0.0"}
{"model_date": "2023-02-22 00:22:43", "status": "online!", "time": "2023-02-22 00:23:36", "version": "1.0.0"}
{"model_date": "2023-02-22 00:13:07", "status": "online!", "time": "2023-02-22 00:23:37", "version": "1.0.0"}
{"model_date": "2023-02-22 00:13:07", "status": "online!", "time": "2023-02-22 00:23:38", "version": "1.0.0"}
{"model_date": "2023-02-22 00:13:07", "status": "online!", "time": "2023-02-22 00:23:39", "version": "1.0.0"}
{"model_date": "2023-02-22 00:13:07", "status": "online!", "time": "2023-02-22 00:23:40", "version": "1.0.0"}
{"model_date": "2023-02-22 00:22:43", "status": "online!", "time": "2023-02-22 00:23:41", "version": "1.0.0"}
{"model_date": "2023-02-22 00:13:07", "status": "online!", "time": "2023-02-22 00:23:42", "version": "1.0.0"}
{"model_date": "2023-02-22 00:13:07", "status": "online!", "time": "2023-02-22 00:23:43", "version": "1.0.0"}
{"model_date": "2023-02-22 00:22:43", "status": "online!", "time": "2023-02-22 00:23:44", "version": "1.0.0"}
{"model_date": "2023-02-22 00:22:43", "status": "online!", "time": "2023-02-22 00:23:45", "version": "1.0.0"}
{"model_date": "2023-02-22 00:13:07", "status": "online!", "time": "2023-02-22 00:23:46", "version": "1.0.0"}
{"model_date": "2023-02-22 00:22:43", "status": "online!", "time": "2023-02-22 00:23:47", "version": "1.0.0"}
{"model_date": "2023-02-22 00:22:43", "status": "online!", "time": "2023-02-22 00:23:48", "version": "1.0.0"}
{"model_date": "2023-02-22 00:13:07", "status": "online!", "time": "2023-02-22 00:23:49", "version": "1.0.0"}
{"model_date": "2023-02-22 00:13:07", "status": "online!", "time": "2023-02-22 00:23:50", "version": "1.0.0"}
{"model_date": "2023-02-22 00:13:07", "status": "online!", "time": "2023-02-22 00:23:51", "version": "1.0.0"}
{"model_date": "2023-02-22 00:13:07", "status": "online!", "time": "2023-02-22 00:23:52", "version": "1.0.0"}
{"model_date": "2023-02-22 00:13:07", "status": "online!", "time": "2023-02-22 00:23:53", "version": "1.0.0"}
{"model_date": "2023-02-22 00:13:07", "status": "online!", "time": "2023-02-22 00:23:54", "version": "1.0.0"}
{"model_date": "2023-02-22 00:13:07", "status": "online!", "time": "2023-02-22 00:23:55", "version": "1.0.0"}
{"model_date": "2023-02-22 00:13:07", "status": "online!", "time": "2023-02-22 00:23:56", "version": "1.0.0"}
{"model_date": "2023-02-22 00:22:43", "status": "online!", "time": "2023-02-22 00:23:57", "version": "1.0.0"}
{"model_date": "2023-02-22 00:22:43", "status": "online!", "time": "2023-02-22 00:23:58", "version": "1.0.0"}
{"model_date": "2023-02-22 00:13:07", "status": "online!", "time": "2023-02-22 00:23:59", "version": "1.0.0"}
